"","Df","Sum Sq","Mean Sq","F value","Pr(>F)"
"Condition",2,1.83579453766954,0.917897268834769,0.415999590041363,0.660723417832176
"Residuals",109,240.506973319473,2.20648599375664,NA,NA
