"","Cohens_d","CI","CI_low","CI_high"
"difference in means",-0.670511975447028,0.95,-1.38036968317504,0.0511048814883828
