"","estimate","estimate1","estimate2","statistic","p.value","parameter","conf.low","conf.high","method","alternative"
"1",-2.30353535353535,5.75555555555556,8.05909090909091,-3.47039204564752,0.00081565186361019,85.8089757539854,-3.62310446839364,-0.983966238677063,"Welch Two Sample t-test","two.sided"
