"","estimate","estimate1","estimate2","statistic","p.value","parameter","conf.low","conf.high","method","alternative"
"1",-0.155194805194805,8.05909090909091,8.21428571428571,-0.221122393115279,0.825534387433491,83.9012493645018,-1.55092498321484,1.24053537282523,"Welch Two Sample t-test","two.sided"
