"","Df","Sum Sq","Mean Sq","F value","Pr(>F)"
"Condition",1,3.22321428571429,3.22321428571429,1.81828748547075,0.189147268684551
"Residuals",26,46.0892857142857,1.77266483516484,NA,NA
