"","estimate","estimate1","estimate2","statistic","p.value","parameter","conf.low","conf.high","method","alternative"
"1",-0.678571428571429,4.53571428571429,5.21428571428571,-1.34843890683662,0.189527296772701,25.1689358836606,-1.71463507527584,0.357492218132981,"Welch Two Sample t-test","two.sided"
