"","Condition","mean","sd","se","n"
"1","No visual information",90.3126736111111,77.765781877444,19.9750275066075,18
"2","Virtual environment",132.712045847751,71.8530308034499,17.3452540059615,18
