"","Df","Sum Sq","Mean Sq","F value","Pr(>F)"
"Condition",2,228.706684981685,114.353342490842,9.76527071712201,0.000364586242477875
"Residuals",39,456.698076923077,11.7102071005917,NA,NA
