"","estimate","estimate1","estimate2","statistic","p.value","parameter","conf.low","conf.high","method","alternative"
"1",-2.45873015873016,5.75555555555556,8.21428571428571,-3.68267233198776,0.000409550395573512,83.0790779212965,-3.78663721012776,-1.13082310733255,"Welch Two Sample t-test","two.sided"
