Sum Sq,Mean Sq,NumDF,DenDF,F value,Pr(>F)
0.001524240127845236,0.001524240127845236,1,47.36081782690268,0.07688395098974814,0.7827721805572712
9.440455532798797e-5,9.440455532798797e-5,1,43.037351028073914,0.004761844982592503,0.9453043759101203
0.004565684444844099,0.004565684444844099,1,47.36081781841304,0.23029695431800806,0.6335126806522982
