Sum Sq,Mean Sq,NumDF,DenDF,F value,Pr(>F)
0.020085167002319455,0.020085167002319455,1,53.38067656203156,4.058496991873479,0.0489994450434899
0.00871953914639497,0.00871953914639497,1,27.103329221430556,1.7619083471937453,0.19545986489781608
0.0028472457756104855,0.0028472457756104855,1,53.38067657588369,0.5753269770724426,0.4514859308827269
