Sum Sq,Mean Sq,NumDF,DenDF,F value,Pr(>F)
0.016747511131863586,0.016747511131863586,1,47.34427900686152,1.120141117378241,0.2952582823073927
5.331742475985316e-4,5.331742475985316e-4,1,44.184321310421495,0.035660844931521773,0.8510823396656848
0.0021488483106496484,0.0021488483106496484,1,47.34427900827247,0.14372364519214392,0.7063019202781322
