"","Cohens_d","CI","CI_low","CI_high"
"difference in means",0.973590012520243,0.95,0.226872519553007,1.70469636558077
