"","estimate","estimate1","estimate2","statistic","p.value","parameter","conf.low","conf.high","method","alternative"
"1",-0.0173794536415666,-0.516698542267421,-0.499319088625854,-0.254651146613029,0.799589254803613,87.6222209720682,-0.153016336037072,0.118257428753939,"Welch Two Sample t-test","two.sided"
