"","Df","Sum Sq","Mean Sq","F value","Pr(>F)"
"Condition",1,0.00615641025641029,0.00615641025641029,0.0127424704789705,0.911103154271854
"Residuals",23,11.1122435897436,0.483141025641026,NA,NA
