Sum Sq,Mean Sq,NumDF,DenDF,F value,Pr(>F)
0.011643829879935074,0.011643829879935074,1,23.437206432414143,11.050444695613932,0.0029014840713614577
0.0010911893395419588,0.0010911893395419588,1,213.73014883439689,1.03558086758299,0.31000203017476036
3.892275421315094e-4,3.892275421315094e-4,1,213.5667294018501,0.3693919846549638,0.543981610762885
