Sum Sq,Mean Sq,NumDF,DenDF,F value,Pr(>F)
0.005135679446643172,0.005135679446643172,1,19.034356689285048,0.35455367631500895,0.5585606039207672
3.750561732630193e-4,3.750561732630193e-4,1,52.80264871799562,0.02589288261399578,0.8727762706212011
2.704353386705928e-4,2.704353386705928e-4,1,176.32605789036438,0.01867013791015045,0.8914722592419059
