Sum Sq,Mean Sq,NumDF,DenDF,F value,Pr(>F)
0.0052940264649726,0.0052940264649726,1,19.023891167154567,0.39897160539169385,0.5351379873819101
8.065239182736884e-4,8.065239182736884e-4,1,69.99182372408505,0.06078174043697724,0.805986248561329
0.0018955572417845097,0.0018955572417845097,1,176.32469029437783,0.14285412452514654,0.705914559336041
