Sum Sq,Mean Sq,NumDF,DenDF,F value,Pr(>F)
0.0015241569332690435,0.0015241569332690435,1,47.36016355153134,0.07688124134646561,0.7827759260924705
9.439665925404854e-5,9.439665925404854e-5,1,43.03603230613985,0.004761538778585552,0.9453061414120499
0.004565370946502359,0.004565370946502359,1,47.36016354820792,0.23028559455578917,0.6335210653456611
