Sum Sq,Mean Sq,NumDF,DenDF,F value,Pr(>F)
0.01674939879039325,0.01674939879039325,1,47.34529871640307,1.1202523279992957,0.29523447408890613
5.330956832670176e-4,5.330956832670176e-4,1,44.16875116596127,0.0356551114281655,0.8510944706764849
0.0021490742788224902,0.0021490742788224902,1,47.34529871307593,0.143736828648151,0.706289059083324
