Sum Sq,Mean Sq,NumDF,DenDF,F value,Pr(>F)
0.020083544288921167,0.020083544288921167,1,53.38013501495427,4.058226195120765,0.049006775569855436
0.008718540477085687,0.008718540477085687,1,27.10427056879355,1.7617313377722754,0.19548124069865905
0.002846980211118086,0.002846980211118086,1,53.38013501881401,0.5752814096724606,0.4515037882455355
