"","Df","Sum Sq","Mean Sq","F value","Pr(>F)"
"Condition",2,1.05425675675676,0.527128378378379,0.726705113628581,0.490857374307518
"Residuals",34,24.6625,0.725367647058824,NA,NA
