"","Df","Sum Sq","Mean Sq","F value","Pr(>F)"
"Condition",1,0.6125,0.6125,0.87065044949762,0.358752350221059
"Residuals",28,19.6979166666667,0.703497023809524,NA,NA
