"","Condition","mean","sd","se","n"
"1","No visual information",80.0364583333333,45.5813929129296,11.9836986875966,18
"2","Visual information",141.910128205128,60.611787776797,16.0471308787856,18
