"","Df","Sum Sq","Mean Sq","F value","Pr(>F)"
"Condition",1,23.115001114082,23.115001114082,1.56024719384997,0.220979064269314
"Residuals",31,459.263786764706,14.8149608633776,NA,NA
