"","estimate","estimate1","estimate2","statistic","p.value","parameter","conf.low","conf.high","method","alternative"
"1",-1.67463235294118,6.53125,8.20588235294118,-1.23560706809437,0.227400176796438,26.6153044185066,-4.45738360659598,1.10811890071363,"Welch Two Sample t-test","two.sided"
